trial,observation,date,site,taxidermy,audio_start,dis_video_start,close_video_start,angle_video_start,audio_finish,dis_video_finish,close_video_finish,angle_video_finish,audio_marker,time,number_male,number_female,total_sparrows,stationary,feeding,aggressive,freeze,mobbing,hide,mating,no_sparrows_arrive,no_sparrows_leave,wild_starling,wild_corvid,wild_gull,wild_raptor,wild_pigeon,wild_goldfinch,wild_other_passerine,human_disturbance,first_reveal,taxidermy_present,open,usable_stimuli,notes
1,1,21.04.24,lundy,empty,100912,101000,,,103444,101100,,,1_1,102845,,,3,,,,,,,,,,,,10,,,,,,0,closed,0,x,"10 herring gulls flew past, camera fell over, unknown no of sparrows"
2,2,21.04.25,lundy,woodpecker,130137,130030,,,134200,134140,,,,130432,,,2,,1,,,,,,,,,,,,,,,,,,0,,bo1 moved but didn’t open
2,3,21.04.25,lundy,woodpecker,130137,130030,,,134200,134140,,,,130408,,,6,,,,,,,,,,1,,,,,,,,,,0,,scared by starling
2,4,21.04.25,lundy,woodpecker,130137,130030,,,134200,134140,,,2_4,130947,,,6,,,,,,,,,,,,,,,,,,1,woodpecker_taxidermy,1,x,"accidental releace, starlings soon returned + behaved normally infront of woodpecker"
2,5,21.04.25,lundy,woodpecker,130137,130030,,,134200,134140,,,,131717,,,10,,,1,,1,,,,,1,,,,,,,,,,1,,"lot of sparrows call in bush, 40 sec"
2,6,21.04.25,lundy,woodpecker,130137,130030,,,134200,134140,,,,132647,,,3,,1,,,,,,,,,,,,,,,,,,1,,"3 feeding in guttering, no predator nearby"
2,7,21.04.25,lundy,woodpecker,130137,130030,,,134200,134140,,,2_7,132907,,,7,1,,1,,1,,,7,,3,2,,,,,,,0,woodpecker_taxidermy,1,x,"male call from roof (ravens flew over), other sparrows arrived, also attracted starlings"
2,8,21.04.25,lundy,woodpecker,130137,130030,,,134200,134140,,,,133037,,,7,,,1,,1,,,,,1,,,,,,,,,,1,,"scared by nesting starling, called but stayed"
2,9,21.04.25,lundy,woodpecker,130137,130030,,,134200,134140,,,2_9,133207,,,7,,,,1,,,,,,,2,,,,,,,0,woodpecker_taxidermy,1,x,"2 rooks flew over, freezing behaviour?"
2,10,21.04.25,lundy,woodpecker,130137,130030,,,134200,134140,,,,133613,,,7,,,,,,,,,5,,,,,,,,,,,1,,"distant sparrow calling, few flew towards it"
2,11,21.04.25,lundy,woodpecker,130137,130030,,,134200,134140,,,2_11,133737,,,2,,,,,,,,,,1,,,,,,,,0,woodpecker_taxidermy,1,x,"scared by starling, flew into bush"
3,12,21.04.24,lundy,woodpecker,173707,173800,,,181007,180945,,,3_12,174337,,,13,,,1,,1,,,,,3,2,,,,1,,,0,closed,0,x,"3 starlings and 2 ravens arrive (aimed at starlings?). 1 female calls, 12 others arrive to mob (sit on wall). Lasts 1.5min. Goldfinch arrived afterwards. Calling female remained viggalent on wall for 3 min afterwards."
3,13,21.04.24,lundy,woodpecker,173707,173800,,,181007,180945,,,3_13,175427,,,2,1,,,,,,,,,,,,,,,,,1,woodpecker_taxidermy,1,x,"ta1idermy reveal, no response"
3,14,21.04.24,lundy,woodpecker,173707,173800,,,181007,180945,,,3_14,175742,,,2,,,1,,1,,,,,1,,,,,,,,0,woodpecker_taxidermy,1,x,"female starling enter nest + nearby sparrows (unseen) start chirping, is starting scared?"
3,15,21.04.24,lundy,woodpecker,173707,173800,,,181007,180945,,,3_15,180657,,,2,,,,1,,,,,,,2,,,,,,,0,woodpecker_taxidermy,1,x,freeze when ravens fly over
3,16,21.04.24,lundy,woodpecker,173707,173800,,,181007,180945,,,,180930,,1,,,,,,,,,,,,,,,,,,,,,1,,female calls
4,17,22.04.24,lundy,starling,120505,120520,120550,,123215,123200,123230,,,121911,2,,2,,,,,,,,2,,,,,,,,,,,,0,,"2 arrive, 1 call"
4,18,22.04.24,lundy,starling,120505,120520,120550,,123215,123200,123230,,4_18,122120,1,1,2,,,1,,,,,,,,,3,,,,,,0,closed,0,x,"50 sec, male in aggressive stance"
4,19,22.04.24,lundy,starling,120505,120520,120550,,123215,123200,123230,,,122332,1,,1,,,,,,,,,,,,,,,,,,,,0,,call
4,20,22.04.24,lundy,starling,120505,120520,120550,,123215,123200,123230,,4_20,122412,,,2,,,,,,,,,,,,4,,,,,,0,closed,0,x,multiple unseen calling
4,21,22.04.24,lundy,starling,120505,120520,120550,,123215,123200,123230,,4_21,122810,1,1,2,,,,,,1,,,,1,,,,,,,,0,closed,0,x,hide in bush
4,22,22.04.24,lundy,starling,120505,120520,120550,,123215,123200,123230,,4_22,123200,3,,3,,,1,,,,,,,1,,,,,,,,1,starling_taxidermy,1,x,"bo1 open, starling also reacts (scared/confused?)"
4,23,22.04.24,lundy,starling,120505,120520,120550,,123215,123200,123230,,,123105,,,,,,,,,,,,,,,,,,,,1,,,1,,call due to me moving? Multiple unseen
5,24,22.04.24,lundy,sparrow,181400,181420,,,182730,182715,,,,181750,,,,,,,,,,,,,,,,,,,,,,,0,,"hidden, many singing"
5,25,22.04.24,lundy,sparrow,181400,181420,,,182730,182715,,,5_25,181800,,,3,,,,,,,,,,,1,,,,,,,0,closed,0,x,"raven fly over, sparrows call, 30sec"
5,26,22.04.24,lundy,sparrow,181400,181420,,,182730,182715,,,,182230,,,4,,,,,,,,,,,,,,,,,,,,0,,40 sec
5,27,22.04.24,lundy,sparrow,181400,181420,,,182730,182715,,,5_27,182330,1,,1,,,,,,,,,1,,,,,,,,,1,,1,x,reveal
5,28,22.04.24,lundy,sparrow,181400,181420,,,182730,182715,,,,182410,,,,,,,,,,,,,,,,,,,,,,,1,,distant chirp
5,29,22.04.24,lundy,sparrow,181400,181420,,,182730,182715,,,,182455,1,,1,,,,,,,,1,,,,,,,,,,,,1,,
5,30,22.04.24,lundy,sparrow,181400,181420,,,182730,182715,,,,182515,1,1,2,,,,,,,,1,,,,,,,,,,,,1,,
5,31,22.04.24,lundy,sparrow,181400,181420,,,182730,182715,,,,182535,2,1,3,,,,,,,,1,,,,,,,,,,,,1,,
5,32,22.04.24,lundy,sparrow,181400,181420,,,182730,182715,,,,182610,,,3,,,,,,,,,,,,,,,,,,,,1,,"no response to sparrow, but unusual how some arrived? Inquisitive?"
6,33,23.04.24,lundy,empty,82720,82750,82802,,85345,85405,85410,,,84330,,,,,,,,,,,,,,,,,,,,,,,0,,"unknown bird singing, 1+ in"
6,34,23.04.24,lundy,empty,82720,82750,82802,,85345,85405,85410,,6_34,84430,,,2,,,,,,,,,,,,,,,,,1,0,closed,0,x,washing put out
6,35,23.04.24,lundy,empty,82720,82750,82802,,85345,85405,85410,,6_35,84540,1,1,2,,,1,,,,,,,,,2,,,,,,0,closed,0,x,"sparrows calling on distant roof, 1 min 20 sec"
6,36,23.04.24,lundy,empty,82720,82750,82802,,85345,85405,85410,,,84710,,,,,,1,,,,,,,1,,,,,,,,,,0,,"continued calling after starling left, 40sec"
6,37,23.04.24,lundy,empty,82720,82750,82802,,85345,85405,85410,,6_37,84910,,1,1,,,,,,,,,1,,,,,,,,,1,empty_taxidermy,1,x,"reveal, no responce"
6,38,23.04.24,lundy,empty,82720,82750,82802,,85345,85405,85410,,,85000,,,,,,,,,,,,,,,,,,,,,,,0,,closed
6,39,23.04.24,lundy,empty,82720,82750,82802,,85345,85405,85410,,,85250,,,10,,,1,,,,,,,1,,,,,,,,,,0,,"distant calling, no stimuli seen, starling?"
7,40,23.04.24,lundy,sparrowhawk,160300,160440,,,161150,16130,,,,160800,,,,,,,,,,,,,,,,,,,,,,,1,,"accidental releace, distant chirping"
7,41,23.04.24,lundy,sparrowhawk,160300,160440,,,161150,16130,,,,160905,2,,2,,,1,1,,,,,,,,,,,2,,,,,1,,goldfinch and sparrows arrive
7,42,23.04.24,lundy,sparrowhawk,160300,160440,,,161150,16130,,,7_42,160945,2,,2,,,1,1,,,,,,1,,,,,2,,,1,sparrowhawk_taxidermy,1,x,starling arrives
7,43,23.04.24,lundy,sparrowhawk,160300,160440,,,161150,16130,,,,161030,2,,2,,,1,1,1,,,,,1,,,,,2,,,,,1,,all bird species in area calling
7,44,23.04.24,lundy,sparrowhawk,160300,160440,,,161150,16130,,,,,,,,,,,,,,,,,,2,,,,2,,,,,1,,"goldfinch starts to feed, 2 ravens arrived (after recording stopped) maybe to scavange on weaker prey? Attracted by alarm calls?"
8,45,24.04.24,lundy,starling,84353,84332,84115,,85734,85745,85720,,,84640,2,,2,,,,,,,,,,,,,,,,,,,,0,,"distant chirp, then arrive. Lasts for 20sec"
8,46,24.04.24,lundy,starling,84353,84332,84115,,85734,85745,85720,,8_46,84720,3,1,4,,,1,,1,,,,,1,,,,,2,,,0,closed,0,x,"mob starling, 2 goldfinch arrive, 70sec"
8,47,24.04.24,lundy,starling,84353,84332,84115,,85734,85745,85720,,8_47,84845,2,,2,,,,1,,1,,,1,,,,,,,,,1,starling_taxidermy,1,x,"open, 1 leave, 1 freeze+hide in guttering (didn’t leave until closed)"
8,48,24.04.24,lundy,starling,84353,84332,84115,,85734,85745,85720,,,84905,,,,,,,,,,,,,,,,,,,,,,,1,,"distant call, unrelated?"
8,49,24.04.24,lundy,starling,84353,84332,84115,,85734,85745,85720,,,85130,,,,,,,,,,,,,,,,,,,,,,,0,,closed
8,50,24.04.24,lundy,starling,84353,84332,84115,,85734,85745,85720,,,85202,1,,,,1,,,,,,1,,,,,,,,,,,,0,,arrive + feed
8,51,24.04.24,lundy,starling,84353,84332,84115,,85734,85745,85720,,,85240,,,,,,,,,,,,,,,1,,,,,,,,0,,
8,52,24.04.24,lundy,starling,84353,84332,84115,,85734,85745,85720,,,85307,1,1,2,,,,,,,,2,,,,,,,1,,,,,0,,2 sparrows and goldfinch arrive
8,53,24.04.24,lundy,starling,84353,84332,84115,,85734,85745,85720,,8_53,85330,1,1,2,,,,,,,,,,1,,,,,2,,,0,closed,0,x,
8,54,24.04.24,lundy,starling,84353,84332,84115,,85734,85745,85720,,,85440,1,1,2,,,,,,,,,,1,,,,,,,,,,0,,"distant call, 2 goldfinches leave"
8,55,24.04.24,lundy,starling,84353,84332,84115,,85734,85745,85720,,8_55,85530,1,2,3,,,,,,,,,2,,,,,,,,,1,starling_taxidermy,1,x,"open, 2 females leave, male stays + leaves after 35sec"
8,56,24.04.24,lundy,starling,84353,84332,84115,,85734,85745,85720,,,55620,2,1,3,,,,,,1,,,,,,,,,,,,,,1,,
8,57,24.04.24,lundy,starling,84353,84332,84115,,85734,85745,85720,,,85723,,,,,,,,,,,,,,,,,,,,,,,0,,closed
8,58,24.04.24,lundy,starling,84353,84332,84115,,85734,85745,85720,,,85800,,1,1,,,,,,,,,,,,,,,,,,,,0,,
9,59,24.04.24,lundy,woodpecker,140214,140148,140158,,141810,141740,141750,,9_59,140250,1,1,2,,,1,,,,,,,1,,,,,,,,0,closed,0,x,1 min
9,60,24.04.24,lundy,woodpecker,140214,140148,140158,,141810,141740,141750,,,140403,1,1,2,,,,,,,,,,,,,,,,,,,,0,,chirp
9,61,24.04.24,lundy,woodpecker,140214,140148,140158,,141810,141740,141750,,,140418,,,,,,,,,,,,,,,,,,,,,,,0,,rapid chirp
9,62,24.04.24,lundy,woodpecker,140214,140148,140158,,141810,141740,141750,,9_62,140150,2,1,3,,,,,,,,,,,,,,,,,,1,woodpecker_taxidermy,1,x,"open, chirp, no response"
9,63,24.04.24,lundy,woodpecker,140214,140148,140158,,141810,141740,141750,,,140512,2,1,3,,,,,,,,,3,,,,,,,,,,,1,,"""normal"" leave"
9,64,24.04.24,lundy,woodpecker,140214,140148,140158,,141810,141740,141750,,,140540,2,1,3,,,,,,,,,,,,,,,,,,,,1,,mating (or fight?) in bush
9,65,24.04.24,lundy,woodpecker,140214,140148,140158,,141810,141740,141750,,,140602,4,1,5,,,,,,,,,,,,,,,,,,,,1,,mating (or fight?) in bush
9,66,24.04.24,lundy,woodpecker,140214,140148,140158,,141810,141740,141750,,,140702,,,,,,,,,,,,,1,,,,,,,,,,1,,starling fly-past
9,67,24.04.24,lundy,woodpecker,140214,140148,140158,,141810,141740,141750,,,140730,,,,,,,,,,,,,,,,,,,,,,,1,,chirp
9,68,24.04.24,lundy,woodpecker,140214,140148,140158,,141810,141740,141750,,9_68,140832,,,2,,,1,,,,,,,2,,,,,,,,0,woodpecker_taxidermy,1,x,unseen
9,69,24.04.24,lundy,woodpecker,140214,140148,140158,,141810,141740,141750,,,140855,,,,,,1,,,,,,,1,,,,,,,,,,1,,distant 
9,70,24.04.24,lundy,woodpecker,140214,140148,140158,,141810,141740,141750,,,140955,,,,,,1,,1,,,,,1,,,,,,,,,,1,,"distant, potential mob?"
9,71,24.04.24,lundy,woodpecker,140214,140148,140158,,141810,141740,141750,,,141047,1,,1,,,1,,1,,,1,,,,,,,,,,,,1,,
9,72,24.04.24,lundy,woodpecker,140214,140148,140158,,141810,141740,141750,,,141200,,,,,,,,,,,,,,,,,,,,,,,1,,chirp
9,73,24.04.24,lundy,woodpecker,140214,140148,140158,,141810,141740,141750,,9_73,141220,,,2,,,1,,,,,,,,,2,,,2,,,0,woodpecker_taxidermy,1,x,"fast call, respond to gulls"
9,74,24.04.24,lundy,woodpecker,140214,140148,140158,,141810,141740,141750,,9_74,141415,1,1,2,,,,,1,,,,,2,,2,,,2,,,0,woodpecker_taxidermy,1,x,"no response to starlings but still aggressive towards gulls, maybe they prioratise the greatest threat?"
9,75,24.04.24,lundy,woodpecker,140214,140148,140158,,141810,141740,141750,,,141517,,,,,,,,,,,,,,,,,,,,,,,1,,2 goldfinch leave
9,76,24.04.24,lundy,woodpecker,140214,140148,140158,,141810,141740,141750,,,141540,,,,,,,,,,,,,,,,,,,,,,,1,,distant call
9,77,24.04.24,lundy,woodpecker,140214,140148,140158,,141810,141740,141750,,9_77,141600,2,2,4,,,1,,,,,,,1,,,,,,,,0,woodpecker_taxidermy,1,x,
10,78,25.04.24,lundy,sparrow,,101130,101156,,,102903,102918,,,101320,3,3,6,,,1,,,,,,,1,,,,,,,,,,0,,"starling distant, aggressive/alarm"
10,79,25.04.24,lundy,sparrow,,101130,101156,,,102903,102918,,,101420,2,2,4,,,1,,,,,,2,1,,,,,,,,,,0,,2 sparrows fly away
10,80,25.04.24,lundy,sparrow,,101130,101156,,,102903,102918,,,101445,,,3,,,,,,,,,,,,1,,,,,,,,0,,chrip
10,81,25.04.24,lundy,sparrow,,101130,101156,,,102903,102918,,,101510,1,,3,,,,,,,,1,,,,,,,,,,,,0,,
10,82,25.04.24,lundy,sparrow,,101130,101156,,,102903,102918,,,101525,,,3,,,,,,,,,,1,,,,,,,,,,0,,"not always scared of startling, maybe depends on starling's behaviour?"
10,83,25.04.24,lundy,sparrow,,101130,101156,,,102903,102918,,,101645,3,,3,,,1,,,1,,,,,,3,,,,,,,,0,,"aggressive and hide, gulls fly past"
10,84,25.04.24,lundy,sparrow,,101130,101156,,,102903,102918,,,101743,,,,,,,,,,,,,2,,,,,,,,,,0,,male/female starling nest changeover
10,85,25.04.24,lundy,sparrow,,101130,101156,,,102903,102918,,,101820,1,,1,,,,,,,,,1,1,,,,,,,,,,0,,scared + fly away from starling
10,86,25.04.24,lundy,sparrow,,101130,101156,,,102903,102918,,,101855,,,,,,,,,,,,,,,,,,,,,,,0,,fly-by
10,87,25.04.24,lundy,sparrow,,101130,101156,,,102903,102918,,,101940,,,,,,1,,,,,,,2,,,,,,,,,,0,,distant
10,88,25.04.24,lundy,sparrow,,101130,101156,,,102903,102918,,,102040,4,,4,,,,,,,,,,2,,4,,,,,,,,0,,"arrive and agressive call, starlings and distant gulls"
10,89,25.04.24,lundy,sparrow,,101130,101156,,,102903,102918,,,102243,,,,,,1,,1,,,,,,,,,,,,,,,0,,
10,90,25.04.24,lundy,sparrow,,101130,101156,,,102903,102918,,,102320,,,5,,,,,,,,,,1,,,,,,,,,,0,,distant starling
10,91,25.04.24,lundy,sparrow,,101130,101156,,,102903,102918,,,CHECK,,,5,,,,,,,,,,,,,,,,,,,,1,,"open, no reaction"
10,92,25.04.24,lundy,sparrow,,101130,101156,,,102903,102918,,,102452,,,,,,,,,,,,,,,,,,,,,,,0,,close
10,93,25.04.24,lundy,sparrow,,101130,101156,,,102903,102918,,,102538,,,,,,,,,,,,,,,,,,1,,,,,0,,goldfinsh calls + leaves shortly after
10,94,25.04.24,lundy,sparrow,,101130,101156,,,102903,102918,,,102630,1,1,2,,,,,,,,,,,,,,,,,,,,1,,"open, chirp"
10,95,25.04.24,lundy,sparrow,,101130,101156,,,102903,102918,,,102653,2,1,3,,,,,,,,1,,,,,,,,,,,,1,,
10,96,25.04.24,lundy,sparrow,,101130,101156,,,102903,102918,,,102725,3,1,4,,,,,1,,,,,,,1,,,,,,,,1,,"potential mob, don’t like pink sticker or unknown individual? Didn’t last long."
11,97,25.04.24,lundy,sparrowhawk,131054,131105,,131112,133050,133030,,133045,,131200,1,,1,1,,,,,,,,,,,,,,,,,,,0,,call to attract others?
11,98,25.04.24,lundy,sparrowhawk,131054,131105,,131112,133050,133030,,133045,,131230,4,,4,1,,,,,,,3,,,,,,,,,,,,0,,
11,99,25.04.24,lundy,sparrowhawk,131054,131105,,131112,133050,133030,,133045,11_99,131256,4,1,5,,,,,,,,,5,,,,,,,,1,0,closed,0,x,
11,100,25.04.24,lundy,sparrowhawk,131054,131105,,131112,133050,133030,,133045,11_100,131432,,1,1,,,,,,,,,1,1,,,,,,,,0,closed,0,x,"starling arrive, sparrow leave"
11,101,25.04.24,lundy,sparrowhawk,131054,131105,,131112,133050,133030,,133045,,131455,,1,1,,,,1,,,,,,1,,,,,,,,,,0,,starling call
11,102,25.04.24,lundy,sparrowhawk,131054,131105,,131112,133050,133030,,133045,,131540,,1,1,,,,1,,,,,,1,,,,,,,,,,0,,starling call
11,103,25.04.24,lundy,sparrowhawk,131054,131105,,131112,133050,133030,,133045,,131555,,,4,,,,,,,,,,,,,,,,,,,,0,,"3 fly-by, 1 stationary"
11,104,25.04.24,lundy,sparrowhawk,131054,131105,,131112,133050,133030,,133045,,131625,,,4,,,1,,,,,,,1,,,,,,,,,,0,,distant
11,105,25.04.24,lundy,sparrowhawk,131054,131105,,131112,133050,133030,,133045,,131650,,,4,,,,,,,,,,,,,,,,,,,,0,,chirp
11,106,25.04.24,lundy,sparrowhawk,131054,131105,,131112,133050,133030,,133045,,131712,,,5,,,1,,,,,,,,,,,,,,1,,,0,,"rapid call, ~1 min"
11,107,25.04.24,lundy,sparrowhawk,131054,131105,,131112,133050,133030,,133045,11_107,131807,,1,1,,,,,,,,,,1,,,,,,,,0,closed,0,x,starling + sparrow call
11,108,25.04.24,lundy,sparrowhawk,131054,131105,,131112,133050,133030,,133045,,131835,,1,1,,,,,,,,,,4,,,,,,,,,,0,,sparrow sit ne1t to starling
11,109,25.04.24,lundy,sparrowhawk,131054,131105,,131112,133050,133030,,133045,,131848,,1,1,,,,,,,,,1,5,,,,,,,,,,0,,
11,110,25.04.24,lundy,sparrowhawk,131054,131105,,131112,133050,133030,,133045,,131935,,,,,,,,,,,,,4,,,,,,,,,,0,,unusual starling call
11,111,25.04.24,lundy,sparrowhawk,131054,131105,,131112,133050,133030,,133045,,131955,,,,,,,,,,,,,4,,,,,,,,,,0,,distant chirp
11,112,25.04.24,lundy,sparrowhawk,131054,131105,,131112,133050,133030,,133045,,132025,,1,1,,,1,,,,,,,4,,,,,,,,,,0,,
11,113,25.04.24,lundy,sparrowhawk,131054,131105,,131112,133050,133030,,133045,,132135,1,1,2,,,1,,,,,,,1,,,,,,,,,,0,,3 starlings leave
11,114,25.04.24,lundy,sparrowhawk,131054,131105,,131112,133050,133030,,133045,,132206,1,,1,,,1,,,,,,,,,,,,,,,,,0,,1starling leave
11,115,25.04.24,lundy,sparrowhawk,131054,131105,,131112,133050,133030,,133045,11_115,132230,1,,1,,,,,,,,,,,,,,,,,,1,sparrowhawk_taxidermy,1,x,"open, unseen"
11,116,25.04.24,lundy,sparrowhawk,131054,131105,,131112,133050,133030,,133045,,132250,1,,1,,,,,,,,,,,,,,,,,,,,1,,call
11,117,25.04.24,lundy,sparrowhawk,131054,131105,,131112,133050,133030,,133045,,132340,1,,1,,,1,,,,,,,,,,,,,,,,,1,,
11,118,25.04.24,lundy,sparrowhawk,131054,131105,,131112,133050,133030,,133045,11_118,132350,1,,1,,,,,,,,,1,,,,,,,,,0,sparrowhawk_taxidermy,1,x,flys away (from ta1idermy?)
11,119,25.04.24,lundy,sparrowhawk,131054,131105,,131112,133050,133030,,133045,11_119,132440,,,3,,,1,,1,,,,,,,,,,,,,,,1,,"1 male near, 2 on roof, alarm call, watching sparrowhawk, NO STIMULI BUT BOX OPEN"
11,120,25.04.24,lundy,sparrowhawk,131054,131105,,131112,133050,133030,,133045,,132545,,,4,,,1,,1,,,1,,,,,,,,,,,,1,,female arrive
11,121,25.04.24,lundy,sparrowhawk,131054,131105,,131112,133050,133030,,133045,,132705,,,4,,,1,,1,,,,,,,,,,,,,,,1,,call
11,122,25.04.24,lundy,sparrowhawk,131054,131105,,131112,133050,133030,,133045,,132755,,,4,,,1,,1,,,,,,,,,,,,,,,1,,call
11,123,25.04.24,lundy,sparrowhawk,131054,131105,,131112,133050,133030,,133045,11_123,132850,,,4,,,1,,1,,,,,,,,,,1,,1,0,sparrowhawk_taxidermy,1,x,call
11,124,25.04.24,lundy,sparrowhawk,131054,131105,,131112,133050,133030,,133045,,132950,,,5,,,1,,1,,,1,,,,,,,,,,,,1,,still calling but gaining confidence arround ta1idermy
12,125,26.04.24,lundy,starling,92425,92505,,92450,94046,94038,,94028,12_125,92700,,,4,,,,,,,,,,,1,,,,,,,0,closed,0,x,call
12,126,26.04.24,lundy,starling,92425,92505,,92450,94046,94038,,94028,12_126,92740,,,4,,,,,,,,,,,,,,,,,,1,starling_taxidermy,1,x,open
12,127,26.04.24,lundy,starling,92425,92505,,92450,94046,94038,,94028,,92750,,,4,,,,,,,,,,1,,,,,,,,,,1,,starling call
12,128,26.04.24,lundy,starling,92425,92505,,92450,94046,94038,,94028,,92800,,,4,,,1,,,,,,,1,,,,,,,,,,1,,rapid chirp
12,129,26.04.24,lundy,starling,92425,92505,,92450,94046,94038,,94028,,92822,,,,,,,,,,,,,1,,,,,,,,,,1,,nesting starling nervous
12,130,26.04.24,lundy,starling,92425,92505,,92450,94046,94038,,94028,,92855,,,,,,,,,,,,,,,,,,,,,,,0,,"closed, starling leaves"
12,131,26.04.24,lundy,starling,92425,92505,,92450,94046,94038,,94028,,92940,,,,,,,,,,,,,,,,,,,,,,,0,,distant chirp
12,132,26.04.24,lundy,starling,92425,92505,,92450,94046,94038,,94028,,93025,,1,1,,,,,,,,1,,,,,,,,,,,,0,,
12,133,26.04.24,lundy,starling,92425,92505,,92450,94046,94038,,94028,12_133,93050,,1,1,,,,,,,,,1,,,3,,,,,,0,closed,0,x,
12,134,26.04.24,lundy,starling,92425,92505,,92450,94046,94038,,94028,12_134,93215,,,1,,,,,,,,,,1,,,,,,,,0,closed,0,x,distant chirp
12,135,26.04.24,lundy,starling,92425,92505,,92450,94046,94038,,94028,,93342,,,,,,,,,,,,,,,,,,,,,,,0,,chirp
12,136,26.04.24,lundy,starling,92425,92505,,92450,94046,94038,,94028,,93403,,1,1,,,,,,,,,,,,,,,,,,,,0,,fly-by
12,137,26.04.24,lundy,starling,92425,92505,,92450,94046,94038,,94028,12_137,93424,,1,1,,,,1,,,,,,1,,,,,,,,0,closed,0,x,"chirping, freeze"
12,138,26.04.24,lundy,starling,92425,92505,,92450,94046,94038,,94028,,93438,,1,1,,,1,1,,,,,,1,,,,,,,,,,0,,
12,139,26.04.24,lundy,starling,92425,92505,,92450,94046,94038,,94028,,93515,,1,1,,,1,1,,,,,,,,,,,,,,,,0,,"starling leaves, still aggressive"
12,140,26.04.24,lundy,starling,92425,92505,,92450,94046,94038,,94028,,93625,,2,2,,,,,,,,,,,,,,,,,,,,0,,2 females with nesting material
12,141,26.04.24,lundy,starling,92425,92505,,92450,94046,94038,,94028,,93653,1,1,2,,,,,,,,,,,,,,,,,,,,0,,chirping
12,142,26.04.24,lundy,starling,92425,92505,,92450,94046,94038,,94028,12_142,93730,1,1,2,,,,,,,,,,,,,,,,,,1,starling_taxidermy,1,x,open
12,143,26.04.24,lundy,starling,92425,92505,,92450,94046,94038,,94028,,93735,,,,,,,,,,,,,,,,,,,,,,,1,,distant chirping
12,144,26.04.24,lundy,starling,92425,92505,,92450,94046,94038,,94028,12_144,93825,,,2,,,,,,,,,,,,1,,,,,,0,starling_taxidermy,1,x,chirp
12,145,26.04.24,lundy,starling,92425,92505,,92450,94046,94038,,94028,,93855,,,,,,1,,,,,,,,,,,,,,,,,1,,"chirp, 40 sec"
12,146,26.04.24,lundy,starling,92425,92505,,92450,94046,94038,,94028,,93940,,,,,,1,,,,,,,,,,,,,,1,,,0,,"closed, chirping "
13,147,28.04.24,lundy,sparrowhawk,93945,94015,,94005,95930,95942,,95911,,94100,,,7,,,,,,,1,,,,,,,,,,,,,0,,
13,148,28.04.24,lundy,sparrowhawk,93945,94015,,94005,95930,95942,,95911,13_148,94245,,,7,,,1,,,,,,,2,,,,,,,,0,closed,0,x,starlings leaves nest bo1
13,149,28.04.24,lundy,sparrowhawk,93945,94015,,94005,95930,95942,,95911,,94340,4,,4,,,1,1,,,,,,2,1,,,,,,,,,0,,
13,150,28.04.24,lundy,sparrowhawk,93945,94015,,94005,95930,95942,,95911,13_150,94415,4,,4,,,1,1,,,,,,2,1,1,,,,,,0,closed,0,x,
13,151,28.04.24,lundy,sparrowhawk,93945,94015,,94005,95930,95942,,95911,13_151,94532,,,3,,,1,,,1,,,1,3,1,1,,,,,,1,sparrowhawk_taxidermy,1,x,"open, hide in bush + call"
13,152,28.04.24,lundy,sparrowhawk,93945,94015,,94005,95930,95942,,95911,,94603,,,3,,,1,,,,,,,,,,,,,,,,,1,,"call, geese call"
13,153,28.04.24,lundy,sparrowhawk,93945,94015,,94005,95930,95942,,95911,,94750,,,3,,,,,,,,,,,,,,,,,,,,1,,"rapid chirp, mating or starling?"
13,154,28.04.24,lundy,sparrowhawk,93945,94015,,94005,95930,95942,,95911,13_154,94840,,,2,,,1,,,,,,,,2,3,,,,,,0,sparrowhawk_taxidermy,1,x,
13,155,28.04.24,lundy,sparrowhawk,93945,94015,,94005,95930,95942,,95911,,94825,,1,1,,,1,,,,,,1,1,,,,,,,,,,1,,call + leave
13,156,28.04.24,lundy,sparrowhawk,93945,94015,,94005,95930,95942,,95911,,94915,1,1,2,,,1,,,,,,,,,,,,,,,,,1,,
13,157,28.04.24,lundy,sparrowhawk,93945,94015,,94005,95930,95942,,95911,13_157,95215,,,4,,,1,,,,,,,,,,,,,,1,0,sparrowhawk_taxidermy,1,x,"car, rapid chirp, 50 sec"
13,158,28.04.24,lundy,sparrowhawk,93945,94015,,94005,95930,95942,,95911,,95340,1,,1,,,,,,,,1,,,,,,,,,,,,1,,"distant call, male arrived"
13,159,28.04.24,lundy,sparrowhawk,93945,94015,,94005,95930,95942,,95911,,95415,1,,1,,,,,,,,,,,,,,,,,,,,1,,chirp
13,160,28.04.24,lundy,sparrowhawk,93945,94015,,94005,95930,95942,,95911,13_160,95443,1,,1,,,1,,,,,,,1,,,,,,,,0,sparrowhawk_taxidermy,1,x,"male lead chirp, rapid in distant"
13,161,28.04.24,lundy,sparrowhawk,93945,94015,,94005,95930,95942,,95911,,95445,3,4,7,,,,,,1,,,,,,,,,,,,,,1,,
13,162,28.04.24,lundy,sparrowhawk,93945,94015,,94005,95930,95942,,95911,13_162,95546,3,4,7,,,,1,1,,,,,1,,,,,,,,0,sparrowhawk_taxidermy,1,x,
13,163,28.04.24,lundy,sparrowhawk,93945,94015,,94005,95930,95942,,95911,,95555,,,10,,,,1,1,,,5,2,1,,,,,,,,,,1,,"some arrive, others leave"
13,164,28.04.24,lundy,sparrowhawk,93945,94015,,94005,95930,95942,,95911,,95615,,,10,,,,,,,,,10,,,,,,,,,,,1,,"stop calling, all left"
13,165,28.04.24,lundy,sparrowhawk,93945,94015,,94005,95930,95942,,95911,,95710,5+,,5,,,,,,,,1,,,,,,,,,,,,1,,rapid chirp
13,166,28.04.24,lundy,sparrowhawk,93945,94015,,94005,95930,95942,,95911,,95750,1,,1,,,1,,,1,,1,,,,,,,,,,,,1,,tail flick + hide
13,167,28.04.24,lundy,sparrowhawk,93945,94015,,94005,95930,95942,,95911,,95810,1,,1,,,1,,,1,,,,,,,,,,,,,,1,,call + hide
13,168,28.04.24,lundy,sparrowhawk,93945,94015,,94005,95930,95942,,95911,,95900,,,,,,,,,,,,,,,,,,,,,,,0,,close
14,169,28.04.24,lundy,sparrow,122811,122855,,122923,124855,124815,,124830,14_169,123125,,,3,,,,,,,,,,1,,,,,,,,0,closed,0,x,rapid chirp
14,170,28.04.24,lundy,sparrow,122811,122855,,122923,124855,124815,,124830,,123145,,1,1,,,,1,,,,,,,1,,,,,,,,,0,,starling chicks call
14,171,28.04.24,lundy,sparrow,122811,122855,,122923,124855,124815,,124830,14_171,123303,,1,1,,,,,,,,,1,,,,,,,,,1,sparrow_taxidermy,1,x,"open, female leaves"
14,172,28.04.24,lundy,sparrow,122811,122855,,122923,124855,124815,,124830,,123355,,1,1,,,,,,,,1,,,,,,,,,,,,1,,same female returns
14,173,28.04.24,lundy,sparrow,122811,122855,,122923,124855,124815,,124830,,123438,,,,,,,,,,,,,,,,,,1,,,,,1,,goldfinch flyby and call
14,174,28.04.24,lundy,sparrow,122811,122855,,122923,124855,124815,,124830,,123455,,1,1,,,,,,,,1,,,,,,,,,,,,1,,tail bob
14,175,28.04.24,lundy,sparrow,122811,122855,,122923,124855,124815,,124830,14_175,123515,,1,1,,,,1,,,,,,1,,,,,,,,0,sparrow_taxidermy,1,x,starling chicks call as mother leaves bo1
14,176,28.04.24,lundy,sparrow,122811,122855,,122923,124855,124815,,124830,,123740,,,,,,,,,,,,,,,,,,,,,,,0,,"closed, no response to ta1idermy"
15,177,28.04.24,lundy,empty,175550,175615,,,180755,180724,,,15_177,175825,,1,1,,,,,,,,,,,,,,,,,,1,empty_taxidermy,1,x,"open, no response"
15,178,28.04.24,lundy,empty,175550,175615,,,180755,180724,,,,175950,,1,1,,,,,,,,,1,,,,,,,,,,,1,,no call?
15,179,28.04.24,lundy,empty,175550,175615,,,180755,180724,,,,180000,,,,,,,,,,,,,,,,,,,,,,,1,,distant chirp
15,180,28.04.24,lundy,empty,175550,175615,,,180755,180724,,,15_180,180150,,,1,,,,,,,,,,1,,,,,,,,0,empty_taxidermy,1,x,"starling calls to chicks, distant chirp"
15,181,28.04.24,lundy,empty,175550,175615,,,180755,180724,,,,180327,,,,,,,,,,,,,,,,,,1,,,,,1,,goldfinch flyby and call
16,182,01.05.24,lundy,sparrowhawk,93445,93502,,93457,94952,94910,,94916,16_182,93725,1,2,3,,,,,,,,,,1,,,,,,,,0,closed,0,x,"sit ne1t to starling with little reaction, some head bobbing"
16,183,01.05.24,lundy,sparrowhawk,93445,93502,,93457,94952,94910,,94916,,93925,,1,1,,,,,,,,,,,,,,,2,,,,,0,,
16,184,01.05.24,lundy,sparrowhawk,93445,93502,,93457,94952,94910,,94916,16_184,94008,1,1,2,,,,,,,,,,,,,,,,,,1,sparrowhawk_taxidermy,1,x,open
16,185,01.05.24,lundy,sparrowhawk,93445,93502,,93457,94952,94910,,94916,,94025,1,1,2,,,,,,,,,,,,,,,,,,,,1,,chirp
16,186,01.05.24,lundy,sparrowhawk,93445,93502,,93457,94952,94910,,94916,,94040,1,1,2,,,1,,,,,,,1,,,,,,,,,,1,,starling feeding
16,187,01.05.24,lundy,sparrowhawk,93445,93502,,93457,94952,94910,,94916,,94105,1,1,2,,,1,,,,,,,1,,,,,,,,,,1,,"male sees sparrowhawk, bobs tail"
16,188,01.05.24,lundy,sparrowhawk,93445,93502,,93457,94952,94910,,94916,,94145,1,1,2,,,1,,,,,,,1,,,,,,,,,,1,,"rapid chirp, starling joins alarm call"
16,189,01.05.24,lundy,sparrowhawk,93445,93502,,93457,94952,94910,,94916,,94230,2,1,3,,,,1,,,,,,1,,,,,4,,,,,1,,"4 goldfinch arrive, starling fly-by"
16,190,01.05.24,lundy,sparrowhawk,93445,93502,,93457,94952,94910,,94916,,94320,2,1,3,,,1,1,1,,,,,1,,,,,4,,,,,1,,"sparrows freeze on wall, tail bob"
16,191,01.05.24,lundy,sparrowhawk,93445,93502,,93457,94952,94910,,94916,,94355,2,1,3,,,1,,1,,,,,1,,,,,4,,,,,1,,"starling calls, sparrows rapid alarm call."
16,192,01.05.24,lundy,sparrowhawk,93445,93502,,93457,94952,94910,,94916,,94440,2,2,4,,,1,,1,,,,,1,,,,,4,,,,,1,,"all birds calling, male has nesting material (don’t want to reveal nest location?)"
16,193,01.05.24,lundy,sparrowhawk,93445,93502,,93457,94952,94910,,94916,,94523,2,2,4,,,1,,1,,,,,1,,,,,4,,,,,1,,starling feeds chicks
16,194,01.05.24,lundy,sparrowhawk,93445,93502,,93457,94952,94910,,94916,,94605,2,1,3,,,1,,1,,,,,,,,,,4,,,,,0,,"close, no change in behaviour"
16,195,01.05.24,lundy,sparrowhawk,93445,93502,,93457,94952,94910,,94916,16_195,94648,2,1,3,,,1,,1,,,,,,,,,,,,1,0,closed,0,x,rapid chirp (I sneeze)
16,196,01.05.24,lundy,sparrowhawk,93445,93502,,93457,94952,94910,,94916,16_196,94805,2,1,3,,,,,,,,,3,,,,,,,,1,0,closed,0,x,metal crash
16,197,01.05.24,lundy,sparrowhawk,93445,93502,,93457,94952,94910,,94916,,95000,,,,,,,,,,,,,,4,,,,,,,,,0,,"few min after close 4 ravens start circuling + calling, possibly searching for easy prey/scavanging? No audio"
17,198,01.05.24,lundy,empty,122155,122211,,122205,122930,122950,,122934,17_198,122440,1,1,2,,,,,,,,,,,,,,,,,,1,empty_taxidermy,1,x,"open, no response"
17,199,01.05.24,lundy,empty,122155,122211,,122205,122930,122950,,122934,,122500,,1,1,,,,,,,,,,1,,,,,,,,,,1,,starling calls
17,200,01.05.24,lundy,empty,122155,122211,,122205,122930,122950,,122934,,122515,1,1,2,,,,,,,,,,1,,,,,,,,,,1,,"starling feeds chicks, sparrows single call"
17,201,01.05.24,lundy,empty,122155,122211,,122205,122930,122950,,122934,,122640,,1,1,,,,,,,,,,,,,,,,,,,,1,,lamb call
17,202,01.05.24,lundy,empty,122155,122211,,122205,122930,122950,,122934,17_202,122800,2,1,3,,,,,,,,,,1,,,,,,,,0,empty_taxidermy,1,x,"starling call, vigilant femele has no response"
17,203,01.05.24,lundy,empty,122155,122211,,122205,122930,122950,,122934,,122850,2,2,4,,,1,,,,,,,1,,,,,,,,,,0,,"close, no response, male tail bob at starling"
18,204,03.05.24,lundy,starling,172720,172813,,172805,174427,174340,,174358,,173040,1,,1,,,,,,,,,,,,,,,,,,,,0,,distant chirp
18,205,03.05.24,lundy,starling,172720,172813,,172805,174427,174340,,174358,,173045,1,,1,,,,,,,,,,,,,,,1,,,,,0,,
18,206,03.05.24,lundy,starling,172720,172813,,172805,174427,174340,,174358,,173222,2,,2,,,,,,,,,,,,,,,,,,,,0,,"1 male fly-by, 1 in bush"
18,207,03.05.24,lundy,starling,172720,172813,,172805,174427,174340,,174358,,173230,2,,2,,,,,,,,,,,,,,,,,,,,0,,
18,208,03.05.24,lundy,starling,172720,172813,,172805,174427,174340,,174358,18_208,173340,2,,2,,,1,,,,,,,1,,,,,,1,,0,closed,0,x,chaffinch present
18,209,03.05.24,lundy,starling,172720,172813,,172805,174427,174340,,174358,,173405,,,,,,,,,,,,,,,,,,,1,,,,0,,chaffinch calls
18,210,03.05.24,lundy,starling,172720,172813,,172805,174427,174340,,174358,,173618,,,,,,,,,,,,,,,,,,1,1,,,,0,,chaffinch present
18,211,03.05.24,lundy,starling,172720,172813,,172805,174427,174340,,174358,,173640,,,,,,,,,,,,,,,,,,,,,,,0,,"distant blackbird sings ~1min, swift fly-by, geese call"
18,212,03.05.24,lundy,starling,172720,172813,,172805,174427,174340,,174358,18_212,173855,1,,1,,,,,,,,,1,,,,,,2,,,1,starling_taxidermy,1,x,open
18,213,03.05.24,lundy,starling,172720,172813,,172805,174427,174340,,174358,,173930,,,,,,,,,,,,,,,,,,4,,,,,1,,"2 goldfinch on bench, 2 fly-by, unrelated?"
18,214,03.05.24,lundy,starling,172720,172813,,172805,174427,174340,,174358,,174000,,,,,,,,,,,,,,,,,,2,,,,,1,,"1 goldfinch feed, 1 on fence"
18,215,03.05.24,lundy,starling,172720,172813,,172805,174427,174340,,174358,,174035,,,,,,,,,,,,,,,,,,3,,,,,1,,"3 goldfinch call, response to ta1idermy"
18,216,03.05.24,lundy,starling,172720,172813,,172805,174427,174340,,174358,,174100,,,,,,,,,,,,,,,,,,3,,,,,1,,"3 goldfinch call, distant sparrow calls"
18,217,03.05.24,lundy,starling,172720,172813,,172805,174427,174340,,174358,,174125,2,,2,,,1,,,,,2,,,,,,,3,,,,,1,,sparrow arrive and tail bob
18,218,03.05.24,lundy,starling,172720,172813,,172805,174427,174340,,174358,,174300,,,,,,,,,,,,,,,,,,,,,,,0,,close
19,219,04.05.24,lundy,starling,122652,122601,,122628,123631,123547,,123611,19_219,122715,,,1,,,,,,,,,,,,,,,,,,1,starling_taxidermy,1,x,open
19,220,04.05.24,lundy,starling,122652,122601,,122628,123631,123547,,123611,,122740,,1,1,,,,,,,,,,,,,,,,,,,,1,,tail wag
19,221,04.05.24,lundy,starling,122652,122601,,122628,123631,123547,,123611,,122758,,,,,,1,,,,,,,,,,,,,,,,,1,,calling distant
19,222,04.05.24,lundy,starling,122652,122601,,122628,123631,123547,,123611,,122830,1,,1,,,,,,1,,,,,,,,,,,,,,1,,hide behind roof
19,223,04.05.24,lundy,starling,122652,122601,,122628,123631,123547,,123611,,122920,1,1,2,,,,,,1,,,,,,,,,,,,,,1,,female in guttering
19,224,04.05.24,lundy,starling,122652,122601,,122628,123631,123547,,123611,,122935,1,1,2,,,,,,,,,,,,,,,,,,,,1,,fly-by
19,225,04.05.24,lundy,starling,122652,122601,,122628,123631,123547,,123611,,123105,,1,1,,,,,,,,,,,,,,,,,,,,1,,fly-by
19,226,04.05.24,lundy,starling,122652,122601,,122628,123631,123547,,123611,,123151,2,1,3,,,,,,1,,,,,,,,,,,,,,1,,"male in guttering, female fly-by"
19,227,04.05.24,lundy,starling,122652,122601,,122628,123631,123547,,123611,19_227,123230,,1,1,,,,,,,,,,,,1,,,,,,0,starling_taxidermy,1,x,
19,228,04.05.24,lundy,starling,122652,122601,,122628,123631,123547,,123611,,123255,,1,1,,1,1,,,,,,,,,,,,,,,,,1,,tail wag
19,229,04.05.24,lundy,starling,122652,122601,,122628,123631,123547,,123611,19_229,123351,,,1,,,,,,,,,,1,,,,,,,,0,starling_taxidermy,1,x,starling feeds chicks
19,230,04.05.24,lundy,starling,122652,122601,,122628,123631,123547,,123611,,123525,,,,,,,,,,,,,,,,,,,,,,,0,,close
20,231,04.05.24,lundy,sparrowhawk,174140,174108,,174115,175312,175334,,175252,,174250,,,,,,,,,,,,,2,,,,,,,,,,0,,
20,232,04.05.24,lundy,sparrowhawk,174140,174108,,174115,175312,175334,,175252,20_232,174310,1,,1,,,,,,,,,,2,,,,,,,,1,sparrowhawk_taxidermy,1,x,"open, starling calls, not interested"
20,233,04.05.24,lundy,sparrowhawk,174140,174108,,174115,175312,175334,,175252,,174350,,,,,,,,,,,,,2,,,,,,,,,,1,,distant chrirp
20,234,04.05.24,lundy,sparrowhawk,174140,174108,,174115,175312,175334,,175252,,174420,,,,,,,,,,,,,2,,,,,1,,,,,1,,goldfinch fly-by and call
20,235,04.05.24,lundy,sparrowhawk,174140,174108,,174115,175312,175334,,175252,,174455,,,,,,,,,,,,,2,,1,,,1,,,,,1,,starling left as gull flew over
20,236,04.05.24,lundy,sparrowhawk,174140,174108,,174115,175312,175334,,175252,,174535,,,,,,,,,,,,,1,,,,,2,,,,,1,,
20,237,04.05.24,lundy,sparrowhawk,174140,174108,,174115,175312,175334,,175252,,174635,,1,1,,,,,,,,,,3,,,,,,,,,,0,,close
20,238,04.05.24,lundy,sparrowhawk,174140,174108,,174115,175312,175334,,175252,,174710,1,1,2,,,,,,,,,,,,,,,,,,,,0,,
20,239,04.05.24,lundy,sparrowhawk,174140,174108,,174115,175312,175334,,175252,,174735,2,2,4,,1,,,,,,,,,,,,,,,,,,0,,female has nesting material
20,240,04.05.24,lundy,sparrowhawk,174140,174108,,174115,175312,175334,,175252,,174433,1,2,3,,,1,,,,,,,,,,,,,,1,,,0,,
20,241,04.05.24,lundy,sparrowhawk,174140,174108,,174115,175312,175334,,175252,20_241,174510,1,2,3,,,,,,,,,3,,,,,,,,1,1,sparrowhawk_taxidermy,1,x,open
20,242,04.05.24,lundy,sparrowhawk,174140,174108,,174115,175312,175334,,175252,,174600,1,,1,,,1,,,,,,,,,,,,,,,,,1,,call on roof and tail bob
20,243,04.05.24,lundy,sparrowhawk,174140,174108,,174115,175312,175334,,175252,,174630,2,,2,,,1,,,,,,,,,,,,,,,,,1,,rapid chirp
20,244,04.05.24,lundy,sparrowhawk,174140,174108,,174115,175312,175334,,175252,20_244,174703,2,,2,,,1,,1,,,,,3,,,,,3,,,0,sparrowhawk_taxidermy,1,x,"many birds close and distant join call, few min"
20,245,04.05.24,lundy,sparrowhawk,174140,174108,,174115,175312,175334,,175252,,175220,,,,,,,,,,,,,,,,,,,,,,,0,,close
21,246,06.05.24,lundy,sparrow,124703,124637,,,125315,125250,,,,124820,,,,,,1,,,,,,,1,,10,,,,,,,,1,,distant sparrow and starling alarm
21,247,06.05.24,lundy,sparrow,124703,124637,,,125315,125250,,,21_247,124945,1,,1,1,,,,,,,,,,,10,,,,,,1,sparrow_taxidermy,1,x,"on roof, no response, look at ta1idermy"
21,248,06.05.24,lundy,sparrow,124703,124637,,,125315,125250,,,21_248,125230,1,,1,,,,,,,,,1,,,10,,,,,,0,sparrow_taxidermy,1,x,gulls scare sparrows
22,249,06.05.24,lundy,sparrowhawk,173945,174015,,,175104,175015,,,,174105,,,,,,,,,,,,,,,,,,3,,,,,0,,goldfinch feeding
22,250,06.05.24,lundy,sparrowhawk,173945,174015,,,175104,175015,,,22_250,174150,,,1,,,,,,,,,,,,,,,,,,1,sparrowhawk_taxidermy,1,x,open
22,251,06.05.24,lundy,sparrowhawk,173945,174015,,,175104,175015,,,,174240,,,,,,,,,,,,,,,,,,1,,,,,1,,
22,252,06.05.24,lundy,sparrowhawk,173945,174015,,,175104,175015,,,22_252,174335,,,1,,,,,,,,,,,,,,,,,,0,sparrowhawk_taxidermy,1,x,distant chirp
22,253,06.05.24,lundy,sparrowhawk,173945,174015,,,175104,175015,,,,174405,,,,,,1,,,,,,,,,,,,,,,,,1,,slow alarm call
22,254,06.05.24,lundy,sparrowhawk,173945,174015,,,175104,175015,,,,174430,,1,1,,,1,,,,,,,,,,,,,,,,,1,,rapid chirp
22,255,06.05.24,lundy,sparrowhawk,173945,174015,,,175104,175015,,,,174440,,1,1,,,,,,1,,,1,,,,,,,,,,,1,,move to roof
22,256,06.05.24,lundy,sparrowhawk,173945,174015,,,175104,175015,,,,174505,1,,1,,,,,,,,,,,,,,,,1,,,,1,,robin feeds ne1t to ta1idermy
22,257,06.05.24,lundy,sparrowhawk,173945,174015,,,175104,175015,,,22_257,174535,,,1,,,,,,,,,,1,,,,,,,,0,sparrowhawk_taxidermy,1,x,
22,258,06.05.24,lundy,sparrowhawk,173945,174015,,,175104,175015,,,,174600,,1,1,,,1,,,,,,,1,,,,,,,,,,1,,tail bob
22,259,06.05.24,lundy,sparrowhawk,173945,174015,,,175104,175015,,,22_259,174635,,1,1,,,,,,,,,1,2,,,,,,,,0,sparrowhawk_taxidermy,1,x,
22,260,06.05.24,lundy,sparrowhawk,173945,174015,,,175104,175015,,,,174710,,,,,,,,,,,,,1,,,,,,,,,,1,,starling and sparrows call
22,261,06.05.24,lundy,sparrowhawk,173945,174015,,,175104,175015,,,22_261,174820,,,1,,,,,,,,,,3,,,,,,,,0,sparrowhawk_taxidermy,1,x,
22,262,06.05.24,lundy,sparrowhawk,173945,174015,,,175104,175015,,,,174905,,,,,,,,,,,,,,,,,,,,,,,0,,close
22,263,06.05.24,lundy,sparrowhawk,173945,174015,,,175104,175015,,,,175020,,,,,,,,,,,,,,,,,,,,,,,0,,distant call
23,264,08.05.24,lundy,woodpecker,,175143,,175205,,180615,,180523,,175225,2,,2,,,1,,,,,,,,,,,,,,,,,1,,"open, immediate chirp"
23,265,08.05.24,lundy,woodpecker,,175143,,175205,,180615,,180523,,175305,2,,2,,,1,,,,,,,,,,,,,,,,,1,,"alarm call, on roof"
23,266,08.05.24,lundy,woodpecker,,175143,,175205,,180615,,180523,,175330,2,2,4,,,,,,,,,1,,,,,,,,,,,1,,
23,267,08.05.24,lundy,woodpecker,,175143,,175205,,180615,,180523,,175345,1,2,3,,,,,,,,,3,,,,,,,,,,,1,,
23,268,08.05.24,lundy,woodpecker,,175143,,175205,,180615,,180523,,175428,,3,3,,,,,,,,,,,,,,,,,,,,1,,distant chirp
23,269,08.05.24,lundy,woodpecker,,175143,,175205,,180615,,180523,,175515,1,,1,,,,,,,,,,,,,,,,,,,,1,,
23,270,08.05.24,lundy,woodpecker,,175143,,175205,,180615,,180523,,175525,1,,1,,,,,,,,,1,,,,,,,,,,,1,,
23,271,08.05.24,lundy,woodpecker,,175143,,175205,,180615,,180523,,175613,,1,1,,,,,,,,,,,,,,,,,,,,1,,fly-by
23,272,08.05.24,lundy,woodpecker,,175143,,175205,,180615,,180523,,175625,1,,1,,,1,,,,,,,1,,,,,,,,,,1,,chirp
23,273,08.05.24,lundy,woodpecker,,175143,,175205,,180615,,180523,,175645,,1,1,,,1,,,,,,,1,,,,,,,,,,1,,
23,274,08.05.24,lundy,woodpecker,,175143,,175205,,180615,,180523,,175828,,1,1,,,,,,,,,,,,,,,,,,,,1,,
23,275,08.05.24,lundy,woodpecker,,175143,,175205,,180615,,180523,,175845,,2,2,,,,,,,,,,1,,,,,,,,,,1,,
23,276,08.05.24,lundy,woodpecker,,175143,,175205,,180615,,180523,,175909,1,,1,,,,,,,,,,,,,,,1,,,,,1,,sit near ta1idermy
23,277,08.05.24,lundy,woodpecker,,175143,,175205,,180615,,180523,,175940,1,1,2,,,,,,,,,,,,,,,1,,,,,1,,
23,278,08.05.24,lundy,woodpecker,,175143,,175205,,180615,,180523,,180048,,1,1,,,,,,,,,1,,,,,,,,,,,1,,
23,279,08.05.24,lundy,woodpecker,,175143,,175205,,180615,,180523,,180220,,,,,,,,,,,,,,,,,,,,,,,1,,"close, chirp (human disturbance)"
23,280,08.05.24,lundy,woodpecker,,175143,,175205,,180615,,180523,,180320,,,2,,,,,,,,,,3,,,,,,,,,,1,,
23,281,08.05.24,lundy,woodpecker,,175143,,175205,,180615,,180523,,180421,,,5,,,,,,,,,,3,,1,,,,,,,,1,,"sparrow fly-by + call, starling aggressive on roof"
23,282,08.05.24,lundy,woodpecker,,175143,,175205,,180615,,180523,,180605,,,,,,,,,,,,,,,,,,,,1,,,1,,chirp
24,283,09.05.24,lundy,starling,123845,123730,,123750,125053,125015,,125026,,123950,,,,,,1,,,,,,,,,,,,,,,,,0,,distant chirp
24,284,09.05.24,lundy,starling,123845,123730,,123750,125053,125015,,125026,24_284,124020,,,1,,,1,,,,,,,2,,,,,,,,0,closed,0,x,starlings call and distant chirp
24,285,09.05.24,lundy,starling,123845,123730,,123750,125053,125015,,125026,24_285,124148,,1,1,,,,1,,,,,,1,,,,,,,,1,starling_taxidermy,1,x,"open, nesting female sits on wall, vigilant"
24,286,09.05.24,lundy,starling,123845,123730,,123750,125053,125015,,125026,,124218,,1,1,,,,1,,,,,,,,,,,,,,,,1,,vigilant
24,287,09.05.24,lundy,starling,123845,123730,,123750,125053,125015,,125026,24_287,124245,,1,1,,,,1,,,,,,3,,,,,,,,0,starling_taxidermy,1,x,vigilant
24,288,09.05.24,lundy,starling,123845,123730,,123750,125053,125015,,125026,,124350,1,1,2,1,,,1,,,,,,,,,,,,,,,,1,,vigilant
24,289,09.05.24,lundy,starling,123845,123730,,123750,125053,125015,,125026,,124448,,1,1,,,,1,,,,,,,,,,,,,,,,0,,"vigilant, close"
24,290,09.05.24,lundy,starling,123845,123730,,123750,125053,125015,,125026,24_290,124540,3,1,4,,,,,,,,,,1,,,,,,,,0,closed,0,x,starling calls with nest material
24,291,09.05.24,lundy,starling,123845,123730,,123750,125053,125015,,125026,,124624,3,1,4,,,,,,,,,,,,,,,,,,,,0,,chirp
24,292,09.05.24,lundy,starling,123845,123730,,123750,125053,125015,,125026,24_292,124716,1,1,2,,,,,,,,,,,,,,,,,,1,starling_taxidermy,1,x,"open, nesting female sits on wall, vigilant"
24,293,09.05.24,lundy,starling,123845,123730,,123750,125053,125015,,125026,,124725,1,1,2,,,,,,,,,,,,,,,,,,,,1,,rapid chirp
24,294,09.05.24,lundy,starling,123845,123730,,123750,125053,125015,,125026,,124833,1,1,2,,,,,,,,,,,,,,,,,,,,1,,chirp
24,295,09.05.24,lundy,starling,123845,123730,,123750,125053,125015,,125026,,124845,1,1,2,,,1,,,,,,,,,,,,,,,,,1,,aggressive chirp
24,296,09.05.24,lundy,starling,123845,123730,,123750,125053,125015,,125026,,124915,4,2,6,,,1,,1,,,,,,,,,,,,,,,1,,all sit on wall + call
25,297,25.05.24,essex,empty,121150,121125,,,122820,122857,,,,121245,,,,,,,,,,,,,,,,,,,,,,,0,,
25,298,25.05.24,essex,empty,121150,121125,,,122820,122857,,,,121415,,,,,,,,,,,,,,,,,,,,,,,0,,
25,299,25.05.24,essex,empty,121150,121125,,,122820,122857,,,,121425,,,,,,,,,,,,,,,,,1,,,,,,0,,
25,300,25.05.24,essex,empty,121150,121125,,,122820,122857,,,25_300,121432,2,,2,,,,,,,,,,1,,,,,,,,0,closed,0,x,
25,301,25.05.24,essex,empty,121150,121125,,,122820,122857,,,,121450,2,1,3,,,,,,,,,1,,,,,,,,,,,0,,
25,302,25.05.24,essex,empty,121150,121125,,,122820,122857,,,,121518,2,1,3,,1,,,,,,,,,,,,,,,,,,0,,
25,303,25.05.24,essex,empty,121150,121125,,,122820,122857,,,25_303,121600,2,1,3,,,,,,,,,,,,1,,,,,,0,closed,0,x,
25,304,25.05.24,essex,empty,121150,121125,,,122820,122857,,,,121725,1,2,3,,,,,,,,,,,,,,1,,,,,,0,,
25,305,25.05.24,essex,empty,121150,121125,,,122820,122857,,,,121730,1,3,4,,,,,,,,,,,,,,,,,,,,0,,
25,306,25.05.24,essex,empty,121150,121125,,,122820,122857,,,,121745,,3,3,,1,,,,,,,,,,,,,,,,,,0,,
25,307,25.05.24,essex,empty,121150,121125,,,122820,122857,,,25_307,121835,2,3,5,,,,,,,,,3,2,,,,,,,,0,closed,0,x,
25,308,25.05.24,essex,empty,121150,121125,,,122820,122857,,,,121928,,,,,,,,,,,,,1,,,,,,,,,,0,,
25,309,25.05.24,essex,empty,121150,121125,,,122820,122857,,,,122000,,1,1,,,,,,,,1,,,,,,,,,,,,0,,
25,310,25.05.24,essex,empty,121150,121125,,,122820,122857,,,,122015,,2,2,,,,,,,,1,,,,,,,,,,,,0,,
25,311,25.05.24,essex,empty,121150,121125,,,122820,122857,,,,122027,,2,2,,,,,,,,,,,,,,,,,,,,0,,
25,312,25.05.24,essex,empty,121150,121125,,,122820,122857,,,25_312,122043,1,2,3,,,,1,,,,,,,1,,,,,,1,0,closed,0,x,
25,313,25.05.24,essex,empty,121150,121125,,,122820,122857,,,,122115,1,1,2,,,,,,,,,,,,,,,,,,,,0,,tail bob
25,314,25.05.24,essex,empty,121150,121125,,,122820,122857,,,,122245,,,3,,,,,,,,,,,,,,,,,,,,0,,
25,315,25.05.24,essex,empty,121150,121125,,,122820,122857,,,25_315,122305,,,4,,,,,,,,,,1,,,,,,,,0,closed,0,x,
25,316,25.05.24,essex,empty,121150,121125,,,122820,122857,,,25_316,122445,1,1,2,,,,,,,,,,,,,,,,,,1,empty_taxidermy,1,x,
25,317,25.05.24,essex,empty,121150,121125,,,122820,122857,,,,122515,,,3,,,,,,,,,,,,,,,,,,,,1,,
25,318,25.05.24,essex,empty,121150,121125,,,122820,122857,,,,122528,,,3,,,,,,,,,,3,,,,,,,,,,1,,
25,319,25.05.24,essex,empty,121150,121125,,,122820,122857,,,,122555,,,3,,,,,,,,,,,,,,,,,1,,,1,,
25,320,25.05.24,essex,empty,121150,121125,,,122820,122857,,,25_320,122800,,,4,,,,,,,,,,1,,,,,,,1,0,empty_taxidermy,1,x,
26,321,26.05.24,essex,starling,143938,144038,,,145325,145250,,,,144120,1,,1,,1,,,,,,,,,,,,,,,,,,0,,
26,322,26.05.24,essex,starling,143938,144038,,,145325,145250,,,,144150,2,,2,,,,,,,,,,,,,,,,,,,,0,,
26,323,26.05.24,essex,starling,143938,144038,,,145325,145250,,,26_323,144228,2,,2,,,,1,,,,,,1,,,,,,,,0,closed,0,x,
26,324,26.05.24,essex,starling,143938,144038,,,145325,145250,,,,144359,2,1,3,,1,,,,,,,,,,,,,,,,,,0,,
26,325,26.05.24,essex,starling,143938,144038,,,145325,145250,,,26_325,144430,1,,1,,,,,,,,,1,,,,,,,,,1,starling_taxidermy,1,x,
26,326,26.05.24,essex,starling,143938,144038,,,145325,145250,,,,144445,,,3,,,1,,,,,,,,,,,,,,,,,1,,
26,327,26.05.24,essex,starling,143938,144038,,,145325,145250,,,,144450,,,3,,,1,,,,,,,2,,,,,,,,,,1,,
26,328,26.05.24,essex,starling,143938,144038,,,145325,145250,,,,144520,,,3,,,1,,,,,,,2,,,,1,,,,,,1,,
26,329,26.05.24,essex,starling,143938,144038,,,145325,145250,,,,142605,,,3,,1,,,,,,,,3,,,,,,,,,,1,,
26,330,26.05.24,essex,starling,143938,144038,,,145325,145250,,,,144700,,,3,,,1,,,,,,3,5,,,,,,,,,,1,,
26,331,26.05.24,essex,starling,143938,144038,,,145325,145250,,,,144750,2,1,3,,1,,,,,,,,5,,,,,,,,,,1,,
26,332,26.05.24,essex,starling,143938,144038,,,145325,145250,,,26_332,144903,2,1,3,,1,,,,,,,,6,,,,,,,,0,starling_taxidermy,1,x,
26,333,26.05.24,essex,starling,143938,144038,,,145325,145250,,,,144938,3,2,5,,1,,,,,,,,10,,,,,,,,,,1,,
26,334,26.05.24,essex,starling,143938,144038,,,145325,145250,,,26_334,145021,3,2,5,,,,,,,,,5,,1,,,,,,,0,starling_taxidermy,1,x,
26,335,26.05.24,essex,starling,143938,144038,,,145325,145250,,,,145100,,,,,,,,1,,,,,2,1,,,,,,,,,1,,
26,336,26.05.24,essex,starling,143938,144038,,,145325,145250,,,26_336,145130,1,,1,,,1,,,,,,,2,1,,,1,,,,0,starling_taxidermy,1,x,
27,337,27.05.24,essex,sparrow,104200,104232,,,104200,104232,,,,104310,,,,,,,,,,,,,1,,,,,,,,,,0,,
27,338,27.05.24,essex,sparrow,104200,104232,,,104200,104232,,,,104330,,,1,,1,,,,,,,,,,,,,,,,,,0,,
27,339,27.05.24,essex,sparrow,104200,104232,,,104200,104232,,,,104435,1,,1,,,,,,,,,,,,,,,,,,,,0,,
27,340,27.05.24,essex,sparrow,104200,104232,,,104200,104232,,,,104513,1,,1,,,,,,,,,1,,,,,,,,,,,0,,
27,341,27.05.24,essex,sparrow,104200,104232,,,104200,104232,,,27_341,104613,,,1,,,,,,,,,,1,,,,,,,,0,closed,0,x,
27,342,27.05.24,essex,sparrow,104200,104232,,,104200,104232,,,,104725,1,,1,,,,,,,,,,,,,,,,,,,,0,,
27,343,27.05.24,essex,sparrow,104200,104232,,,104200,104232,,,,104735,2,2,4,,1,,,,,,2,,,,,,,,,,,,0,,
27,344,27.05.24,essex,sparrow,104200,104232,,,104200,104232,,,27_344,104800,2,2,4,,,1,,,,,,,,,,,,,1,,1,sparrow_taxidermy,1,x,blue tit feed
27,345,27.05.24,essex,sparrow,104200,104232,,,104200,104232,,,27_345,105037,,,4,,,,,,,,,,2,,,,,,,,0,sparrow_taxidermy,1,x,
27,346,27.05.24,essex,sparrow,104200,104232,,,104200,104232,,,,105110,2,1,3,,1,,,,,,,,1,,,,,,,,,,1,,
27,347,27.05.24,essex,sparrow,104200,104232,,,104200,104232,,,,105216,1,,1,,,,,,,,,,,,,,,,,,,,1,,
27,348,27.05.24,essex,sparrow,104200,104232,,,104200,104232,,,,105242,1,,1,,1,,,,,,,,,,,,,,,,,,1,,
27,349,27.05.24,essex,sparrow,104200,104232,,,104200,104232,,,,105308,1,1,2,,1,,,,,,1,,,,,,,,,,,,1,,
27,350,27.05.24,essex,sparrow,104200,104232,,,104200,104232,,,27_350,105340,2,1,3,,,1,,1,,,,,1,,,,,,,,0,sparrow_taxidermy,1,x,
27,351,27.05.24,essex,sparrow,104200,104232,,,104200,104232,,,,105415,3,1,4,,,1,,1,,,1,,,,,,,,,,,,1,,
27,352,27.05.24,essex,sparrow,104200,104232,,,104200,104232,,,,105440,3,1,4,,,1,,1,,,,,,1,,,,,,,,,1,,
28,353,29.05.24,essex,woodpecker,121900,,,,122853,,,,,122036,1,,1,,1,,,,,,,,,,,,,,,,,,0,,
28,354,29.05.24,essex,woodpecker,121900,,,,122853,,,,,122054,3,2,5,,,,,,,,5,,,,,,,,,,,,0,,
28,355,29.05.24,essex,woodpecker,121900,,,,122853,,,,28_355,122119,3,2,5,,1,,,,,,,,,,,,,,,,1,woodpecker_taxidermy,1,x,
28,356,29.05.24,essex,woodpecker,121900,,,,122853,,,,,122150,3,2,5,,,,,,,,,,,,,,,,,,,,1,,
28,357,29.05.24,essex,woodpecker,121900,,,,122853,,,,,122200,3,2,5,,,,,,,,,,,,,,,,,,,,1,,
28,358,29.05.24,essex,woodpecker,121900,,,,122853,,,,,122222,5,3,8,,1,1,,1,,,3,,,,,,,,,,,,1,,
28,359,29.05.24,essex,woodpecker,121900,,,,122853,,,,28_359,122300,5,3,8,,1,1,,1,,,,,,,3,,,,,,0,woodpecker_taxidermy,1,x,
28,360,29.05.24,essex,woodpecker,121900,,,,122853,,,,,122336,5,4,9,,,,,,,,4,,,,,,,,,,,,1,,
28,361,29.05.24,essex,woodpecker,121900,,,,122853,,,,,122355,5,4,9,,1,,,,,1,,,,,,,,,,,,,1,,
28,362,29.05.24,essex,woodpecker,121900,,,,122853,,,,,122531,2,3,5,,1,,,,,,,,,,,,,,,,,,1,,
28,363,29.05.24,essex,woodpecker,121900,,,,122853,,,,,122641,2,3,5,,,,,,,,,2,,,,,,,,,,,1,,
28,364,29.05.24,essex,woodpecker,121900,,,,122853,,,,28_364,122708,2,1,3,,,1,,,,,,2,3,,,,,,,,0,woodpecker_taxidermy,1,x,
28,365,29.05.24,essex,woodpecker,121900,,,,122853,,,,,122800,2,1,3,,,,,,,,,2,3,,,,,,,,,,1,,
29,366,04.06.24,essex,sparrowhawk,111225,,,,112302,,,,,111315,2,1,3,,1,,,,,,,,,,,,,,,,,,0,,
29,367,04.06.24,essex,sparrowhawk,111225,,,,112302,,,,,111350,2,2,4,,1,,,,,,,,,,,,,,,1,,,0,,
29,368,04.06.24,essex,sparrowhawk,111225,,,,112302,,,,29_368,111415,2,2,4,1,,,,,,,,,1,,,,,,,,0,closed,0,x,
29,369,04.06.24,essex,sparrowhawk,111225,,,,112302,,,,29_369,111518,3,1,4,,1,,,,,,,,,,1,,,,,,0,closed,0,x,
29,370,04.06.24,essex,sparrowhawk,111225,,,,112302,,,,,111550,3,2,5,,,,,,,,,,,,,,,,,,,,0,,
29,371,04.06.24,essex,sparrowhawk,111225,,,,112302,,,,29_371,111615,3,2,5,,1,1,,,,,,,,,,,,,,1,0,closed,0,x,
29,372,04.06.24,essex,sparrowhawk,111225,,,,112302,,,,,111712,5,2,7,,1,1,1,,,,3,,,,,,,,,,,,0,,
29,373,04.06.24,essex,sparrowhawk,111225,,,,112302,,,,29_373,111841,3,2,5,,1,,,,,,,,,,,,,,,,1,sparrowhawk_taxidermy,1,x,
29,374,04.06.24,essex,sparrowhawk,111225,,,,112302,,,,,111945,,1,1,,1,,,,1,,,,,,,,,,,,,,1,,
29,375,04.06.24,essex,sparrowhawk,111225,,,,112302,,,,,112103,1,1,2,,1,,,,,,1,,,,,,,,,,,,1,,
29,376,04.06.24,essex,sparrowhawk,111225,,,,112302,,,,29_376,112120,1,1,2,,1,,,,,,,,1,,,,,,,,0,sparrowhawk_taxidermy,1,x,
29,377,04.06.24,essex,sparrowhawk,111225,,,,112302,,,,,112340,1,1,2,,,,,,,,,,1,,,,,,,1,,,1,,
30,378,09.06.24,ascot,empty,130225,,,,131445,,,,30_378,130320,,,,,,,,,,,,,1,,,,,,,,0,closed,0,x,
30,379,09.06.24,ascot,empty,130225,,,,131445,,,,,130340,1,,1,1,,,,,,,1,,,,,,,,,,,,0,,
30,380,09.06.24,ascot,empty,130225,,,,131445,,,,,130445,1,1,2,1,,,,,,,,,,,,,2,,,,,,0,,
30,381,09.06.24,ascot,empty,130225,,,,131445,,,,30_381,130520,1,,1,,,,,,,,,,1,,,,,,,,0,closed,0,x,
30,382,09.06.24,ascot,empty,130225,,,,131445,,,,,130545,2,,2,,,,,,,,1,,,,,,,,,,,,0,,
30,383,09.06.24,ascot,empty,130225,,,,131445,,,,,130650,,,,,,,,,,,,,,,,,,,,,,,0,,
30,384,09.06.24,ascot,empty,130225,,,,131445,,,,,130718,,,,,,,,,,,,,2,,,,1,,,,,,0,,
30,385,09.06.24,ascot,empty,130225,,,,131445,,,,,130815,1,,1,1,,,,,,,,,,,,,,,,,,,0,,
30,386,09.06.24,ascot,empty,130225,,,,131445,,,,,130915,,1,1,,,,,,1,,1,,,,,,,,,,,,0,,
30,387,09.06.24,ascot,empty,130225,,,,131445,,,,,130930,,1,1,,,,,,,,,,1,,,,,,,,,,0,,
30,388,09.06.24,ascot,empty,130225,,,,131445,,,,,131050,,1,1,,,,,,,,,,,,,,,,,,,,0,,
30,389,09.06.24,ascot,empty,130225,,,,131445,,,,,131100,,1,1,,,,,,,,,,,,,,1,,,,,,1,,
30,390,09.06.24,ascot,empty,130225,,,,131445,,,,,131125,1,1,2,,,,,,,,1,,,,,,1,,,,,,1,,
30,391,09.06.24,ascot,empty,130225,,,,131445,,,,,131215,,2,2,,,,,,,,,,1,,,,1,,,,,,1,,
30,392,09.06.24,ascot,empty,130225,,,,131445,,,,,131255,,3,3,,,,,,,,,,1,,,,1,,,,,,1,,
31,393,12.06.24,ascot,starling,113455,,,,115340,,,,31_393,113520,,,3,,,1,,,1,,,,,,,1,,,,,0,closed,0,x,red kite circuling
31,394,12.06.24,ascot,starling,113455,,,,115340,,,,31_394,113630,,,3,,,,,,,,,,1,,,,,,,,0,closed,0,x,
31,395,12.06.24,ascot,starling,113455,,,,115340,,,,31_395,113730,,,3,,,,,,,,,,4,,,,,,,,0,closed,0,x,
31,396,12.06.24,ascot,starling,113455,,,,115340,,,,,113810,,,4,,,,,,,,1,,,,,,,,,,,,0,,
31,397,12.06.24,ascot,starling,113455,,,,115340,,,,31_397,113850,,,4,,,,1,,,,,,1,,,,,,,,0,closed,0,x,
31,398,12.06.24,ascot,starling,113455,,,,115340,,,,,113945,2,1,3,,1,,,,,,,,,,,,,,,,,,0,,
31,399,12.06.24,ascot,starling,113455,,,,115340,,,,,114000,2,1,3,,,,,,,,,3,,,,,,,,,,,0,,
31,400,12.06.24,ascot,starling,113455,,,,115340,,,,,114030,,,3,,,,,,,,,,,,,2,,,,,,,0,,red kite circuling
31,401,12.06.24,ascot,starling,113455,,,,115340,,,,31_401,114110,2,1,3,,1,,,,,,,,,,,2,,,,,1,starling_taxidermy,1,x,
31,402,12.06.24,ascot,starling,113455,,,,115340,,,,31_402,114232,2,1,3,,,1,,,,,,,,,,,,,,1,0,starling_taxidermy,1,x,
31,403,12.06.24,ascot,starling,113455,,,,115340,,,,,114237,2,1,3,,,,,,,,,,,,,,,,,,,,0,,
31,404,12.06.24,ascot,starling,113455,,,,115340,,,,31_404,114326,,,1,,,,,,,,,,,1,,,,,,,0,closed,0,x,
31,405,12.06.24,ascot,starling,113455,,,,115340,,,,,114405,2,1,3,,1,,,,,,3,,,,,,,,,,,,0,,
31,406,12.06.24,ascot,starling,113455,,,,115340,,,,31_406,114520,,,4,,,1,,1,,,,,1,,,,,,,,0,closed,0,x,
31,407,12.06.24,ascot,starling,113455,,,,115340,,,,,114610,,,4,,,,,,,,,,,,,,,,,,,,0,,
31,408,12.06.24,ascot,starling,113455,,,,115340,,,,31_408,114650,,,3,,,,,,,,,,,1,,,,,,,0,closed,0,x,
31,409,12.06.24,ascot,starling,113455,,,,115340,,,,,114745,,,3,,1,1,,,,,,,,1,,,,,,,,,0,,
31,410,12.06.24,ascot,starling,113455,,,,115340,,,,31_410,114855,,,3,,,,,,,,,,1,,,,,,,,0,closed,0,x,
31,411,12.06.24,ascot,starling,113455,,,,115340,,,,31_411,114942,,,3,,,1,,,,,,,,1,,,,,,,0,closed,0,x,
31,412,12.06.24,ascot,starling,113455,,,,115340,,,,,115050,,,2,,,,,,,,,,,1,,,,,,,,,0,,
31,413,12.06.24,ascot,starling,113455,,,,115340,,,,,115140,,,3,,,,,,1,,,,,1,,,,,,,,,0,,
31,414,12.06.24,ascot,starling,113455,,,,115340,,,,31_414,115237,,,3,,,,,,,,,,,,,,,,,,1,starling_taxidermy,1,x,
32,415,24.06.24,ascot,woodpecker,100910,,,,102634,,,,32_415,100920,2,1,3,,,1,,,,,,,1,,,,,,,1,0,closed,0,x,
32,416,24.06.24,ascot,woodpecker,100910,,,,102634,,,,,101003,3,5,8,,,1,,1,1,,5,,1,,,,,,,,,,0,,
32,417,24.06.24,ascot,woodpecker,100910,,,,102634,,,,32_417,101143,3,5,8,,,1,,1,1,,,,1,,,,,,,,0,closed,0,x,
32,418,24.06.24,ascot,woodpecker,100910,,,,102634,,,,,101420,2,2,4,,,,,,1,,,,1,,,,,,,,,,0,,
32,419,24.06.24,ascot,woodpecker,100910,,,,102634,,,,32_419,101445,2,2,4,,,1,,1,,,,,,,,,,,,1,0,closed,0,x,
32,420,24.06.24,ascot,woodpecker,100910,,,,102634,,,,32_420,101600,3,2,5,,,1,,1,,,1,,,,,,,,,,1,woodpecker_taxidermy,1,x,
32,421,24.06.24,ascot,woodpecker,100910,,,,102634,,,,,101740,3,3,6,,1,,,,,,,,,,,,,,,,,,1,,
32,422,24.06.24,ascot,woodpecker,100910,,,,102634,,,,32_422,101855,3,2,5,,,1,,,,,,1,1,,,,,,,,0,woodpecker_taxidermy,1,x,
32,423,24.06.24,ascot,woodpecker,100910,,,,102634,,,,,102005,2,2,4,,,1,,,1,,,1,1,,,,,,,,,,1,,
32,424,24.06.24,ascot,woodpecker,100910,,,,102634,,,,32_424,102050,2,2,4,,,1,,,,,,,1,,,2,,,,,0,woodpecker_taxidermy,1,x,
32,425,24.06.24,ascot,woodpecker,100910,,,,102634,,,,,102357,1,2,3,,,1,,,,,,,1,,,,,,,,,,1,,
32,426,24.06.24,ascot,woodpecker,100910,,,,102634,,,,32_426,102430,1,2,3,,1,,1,,,,,,1,,,,,,,,0,woodpecker_taxidermy,1,x,"starlings call and feed, male sparrow sits next to starling"
32,427,24.06.24,ascot,woodpecker,100910,,,,102634,,,,,102440,,,,,,,,,,,,3,1,,,,,,,,,,1,,
32,428,24.06.24,ascot,woodpecker,100910,,,,102634,,,,32_428,102615,2,2,4,,,,,,,,,,,,,,,,,1,0,woodpecker_taxidermy,1,x,
33,429,26.06.24,ascot,sparrow,101215,,,,102858,,,,,101335,,,,,,,,,,,,,1,,,,,,,,,,0,,
33,430,26.06.24,ascot,sparrow,101215,,,,102858,,,,33_430,101452,,,1,,,1,,,,,,,,1,,,,,,,0,closed,0,x,
33,431,26.06.24,ascot,sparrow,101215,,,,102858,,,,33_431,101725,,,2,1,,,,,,,,,1,,,,,,,,0,closed,0,x,
33,432,26.06.24,ascot,sparrow,101215,,,,102858,,,,,102010,,,2,1,,,,,,,,,,,,,,,,,,,0,,
33,433,26.06.24,ascot,sparrow,101215,,,,102858,,,,33_433,102107,,,2,1,,,,,,,,,,,,,,,,,1,sparrow_taxidermy,1,x,
33,434,26.06.24,ascot,sparrow,101215,,,,102858,,,,,102140,,,2,1,,,,,,,,,1,,,,,,,,,,1,,
33,435,26.06.24,ascot,sparrow,101215,,,,102858,,,,,102426,,,1,,,,,,,,,,,,,,,,,,,,1,,
33,436,26.06.24,ascot,sparrow,101215,,,,102858,,,,33_436,102451,,,,,,1,,,,,,,1,,,,,,,,0,sparrow_taxidermy,1,x,
33,437,26.06.24,ascot,sparrow,101215,,,,102858,,,,33_437,102648,,,1,,,,,,,,,,10,,,,1,,,,0,sparrow_taxidermy,1,x,10 starlings fly by (scared by something/mob)
34,438,11.07.24,ascot,sparrowhawk,110840,,,,112642,,,,,111015,1,,1,,1,,,,,,,,,,,,,,,,,,0,,
34,439,11.07.25,ascot,sparrowhawk,110840,,,,112642,,,,34_439,111045,1,,1,,1,,,,,,,,,,,,,,,,1,sparrowhawk_taxidermy,1,x,
34,440,11.07.26,ascot,sparrowhawk,110840,,,,112642,,,,,111135,1,,1,,,,,,,,,1,,,,,,,,,,,1,,
34,441,11.07.27,ascot,sparrowhawk,110840,,,,112642,,,,,111150,,,,,,,,,,,,,,,,,,,,,,,0,,
34,442,11.07.28,ascot,sparrowhawk,110840,,,,112642,,,,,111300,,,,,,,,,,,,,,,,,,,,,,,0,,
34,443,11.07.29,ascot,sparrowhawk,110840,,,,112642,,,,34_443,111730,,,1,,,,,,,,,,1,,,,,,,,0,closed,0,x,
34,444,11.07.30,ascot,sparrowhawk,110840,,,,112642,,,,34_444,112050,,,,,,,,,,,,,,,,1,,,,,0,closed,0,x,
34,445,11.07.31,ascot,sparrowhawk,110840,,,,112642,,,,,112130,1,,1,,,,,,,,1,,,,,,,,,,,,0,,
34,446,11.07.32,ascot,sparrowhawk,110840,,,,112642,,,,34_446,112150,1,,1,,,,,,,,,,1,,,,,,,,0,closed,0,x,
34,447,11.07.33,ascot,sparrowhawk,110840,,,,112642,,,,34_447,112250,1,,1,,,,,,,,,,,,,,,,,,1,sparrowhawk_taxidermy,1,x,
34,448,11.07.34,ascot,sparrowhawk,110840,,,,112642,,,,34_448,112340,1,,1,,,1,,,,,,,,1,,,,,,,0,sparrowhawk_taxidermy,1,x,
34,449,11.07.35,ascot,sparrowhawk,110840,,,,112642,,,,,112410,1,,1,,,,,,,,,1,,,,,,,,,,,1,,
34,450,11.07.36,ascot,sparrowhawk,110840,,,,112642,,,,34_450,112455,1,,1,,,1,,,1,,1,,,,,1,,,,,0,sparrowhawk_taxidermy,1,x,
